{
    "name": "nyc_web_data",
    "type": "Microsoft.DataFactory/factories/linkedservices",
    "properties": {
        "description": "We are establishing a linked connection to the NYC web API data, where the source data is available.",
        "annotations": [],
        "type": "HttpServer",
        "typeProperties": {
            "url": "https://d37ci6vzurychx.cloudfront.net",
            "enableServerCertificateValidation": true,
            "authenticationType": "Anonymous"
        }
    }
}