{
    "now": "2025-11-26T17:32:36.053Z",
    "perfNow": 1560798.8000000715,
    "diagnosticCorrelation": "f34cc951-b03d-4b32-9fb2-e994c61bd869",
    "source": "DownloadSupportFiles",
    "environment": {
        "productName": "adf",
        "buildVersion": "1.0.112025.4",
        "environmentType": 3,
        "resourceName": "MyDF-new",
        "resourceRegion": "westus2",
        "resourceGroup": "MyNewResourceGroup",
        "subscriptionId": "111da0df-ae72-477e-90ba-4c0005a576f9",
        "sessionId": "ulWIZsCIY4dbUzKedFRJ+R",
        "operationId": "",
        "gitType": "live",
        "loggingKey": "55ff3a0e-61c3-4887-9984-ec5a65e718c5"
    },
    "additionalInfo": {
        "selectedResource": "nyc_dataset_source",
        "selectedResourceType": "dataset"
    }
}