{
    "now": "2025-11-26T17:32:43.284Z",
    "perfNow": 1568030.3000000715,
    "diagnosticCorrelation": "77b38158-4158-4d99-bf06-62812d659890",
    "source": "DownloadSupportFiles",
    "environment": {
        "productName": "adf",
        "buildVersion": "1.0.112025.4",
        "environmentType": 3,
        "resourceName": "MyDF-new",
        "resourceRegion": "westus2",
        "resourceGroup": "MyNewResourceGroup",
        "subscriptionId": "111da0df-ae72-477e-90ba-4c0005a576f9",
        "sessionId": "ulWIZsCIY4dbUzKedFRJ+R",
        "operationId": "",
        "gitType": "live",
        "loggingKey": "55ff3a0e-61c3-4887-9984-ec5a65e718c5"
    },
    "additionalInfo": {
        "selectedResource": "nyc_rawdata_sink",
        "selectedResourceType": "dataset"
    }
}