{
    "now": "2025-11-26T17:32:01.928Z",
    "perfNow": 1526673.5,
    "diagnosticCorrelation": "f9e23598-442d-49ce-8fca-5d10b7b0bd63",
    "source": "DownloadSupportFiles",
    "environment": {
        "productName": "adf",
        "buildVersion": "1.0.112025.4",
        "environmentType": 3,
        "resourceName": "MyDF-new",
        "resourceRegion": "westus2",
        "resourceGroup": "MyNewResourceGroup",
        "subscriptionId": "111da0df-ae72-477e-90ba-4c0005a576f9",
        "sessionId": "ulWIZsCIY4dbUzKedFRJ+R",
        "operationId": "",
        "gitType": "live",
        "loggingKey": "55ff3a0e-61c3-4887-9984-ec5a65e718c5"
    },
    "additionalInfo": {
        "selectedResource": "NYC_taxi_pipeline",
        "selectedResourceType": "pipeline"
    }
}