{
    "name": "nyc_dataset_source",
    "properties": {
        "linkedServiceName": {
            "referenceName": "nyc_web_data",
            "type": "LinkedServiceReference"
        },
        "parameters": {
            "param_month": {
                "type": "string"
            }
        },
        "annotations": [],
        "type": "Parquet",
        "typeProperties": {
            "location": {
                "type": "HttpServerLocation",
                "relativeUrl": {
                    "value": "trip-data/yellow_tripdata_2024-@{dataset().param_month}.parquet",
                    "type": "Expression"
                }
            },
            "compressionCodec": "snappy"
        },
        "schema": []
    },
    "type": "Microsoft.DataFactory/factories/datasets"
}